"TeacherID";"FirstName";"LastName";"ContactNo";"EmailAddress"
1;"John";"Doe";"123-456-7890";"johndoe@example.com"
2;"Bob";"Smith";"987-654-3210";"bobsmith@example.com"
3;"Sarah";"Davis";"111-222-3333";"sarah.davis@example.com"
4;"Daniel";"Williams";"777-888-9999";"daniel.w@example.com"
5;"Liam";"Johnson";"222-333-4444";"liam.j@example.com"
6;"Sophia";"Brown";"555-666-7777";"sophia.b@example.com"
7;"Ava";"Miller";"888-999-0000";"ava.m@example.com"
8;"VIBHUSHA";"KANNANGARA";"111-222-3332";"vibhooshakannangara@gmail.com"
9;"Jackson";"New";"111-222-3325";"a@email.com"
10;"VIBHUSss";"KANNANGARA";"111-211-3332";"vibhooakannangara@gmail.com"
11;"Jackson";"Missisipi";"111222222";"jack@email.com"
12;"Jackson";"Missisipi";"111222222";"jack@email.com"
